{"cameraMode":{"drawMode":0,"name":"Shaded","section":"Shading Mode"},"sceneLighting":true,"audioPlay":false,"sceneViewState":{"showFog":true,"showMaterialUpdate":false,"showSkybox":true,"showFlares":true,"showImageEffects":true,"showParticleSystems":true},"in2DMode":false,"pivot":{"x":-121.0181655883789,"y":179.669921875,"z":77.1431884765625},"rotation":{"x":-0.09763667732477188,"y":0.5476565361022949,"z":-0.06454160064458847,"w":-0.8284775614738464},"size":85.93087005615235,"orthographic":false}